source_concept_code,source_description,fca_concept_id,fca_category,fca_assessments,fca_methods,omop_domain,suggested_concept_id,suggested_concept_name,val_type,units,min_val,max_val,custom_list_values,template_names,group_names,n_templates
1570632752,Frequency of Vision Correction Use,C0044.00,A,vision,,Observation,0,,custom_list,,,,All the time|For distance|For driving|For reading|Owns but does not wear|Other (Comment),REHAB OP OT SUBJECTIVE VISION|REHAB OP OT SUBJECTIVE VISION EVAL,Subjective Vision Assessment,2
1570490122,"GCS<=14, Signs of Skull Fracture, or signs of AMS",C0004.00,A,gcs,,Observation,0,,numeric,,,,,T ED CLINICAL CALCULATOR - PECARN PEDIATRIC HEAD INJURY/TRAUMA ALGORITHM,PECARN Pediatric Head Injury/Trauma Algorithm,1
210304010077801,Nutrition Encounter Ratio,C0053.00,A,braden,,Observation,0,,string,,,,1|2|3|4|5|6|7|8|9|10,EHC AMB FN KNOWLEDGE/BELIEF/ATTITUDES AND BEHAVIOR,Adherence,1
7424700033,Eyes Open Right Hand,C0447.00,A,,,Measurement,0,,numeric,,,,,EHC RHB MOBERG PICK UP TEST,Moberg Pick Up Test,1
210653282135,O2 Flow Rate,C0447.00,A,,,Measurement,0,,numeric,L/min,0,,,T EHC AMB PUL RHB D1 OUTCOME SUMMARY,Functional Outcome,1
1120100387,Processed Reservoir (Cumulative),C0447.00,A,,,Measurement,0,,numeric,(mL),,,,PERFUSION AUTOTRANSFUSION SYSTEM,Processing,1
14487,Cable/Coil Color 1,C0072.00,A,color,,Observation,0,,custom_list,,,,anthracite|beige|beige metallic|black|blue|bordeaux red|brown|carbon|charcoal|chocolate|copper brown|dark sienna|golden blonde|maize|mocha|nordic grey|pacific blue|pink|sand|sandy blonde|sienna brown|silver|silver metallic|slate gray|smoke|white|grey|Lava Red|Velvet Black|Caribbean Pirate|Precious Pink|Blue Ocean|Chestnut,T EHC AMB AUD CI IMPLANT DETAILS,Left Ear,1
1315400178,"Progress/Outcomes (Motor Speech Goal 2, IRF-SLP)",C0075.00,A,speech,,Observation,0,,custom_list,,,,good progress toward goal|continuing progress toward goal|progress slower than expected|unable to make needed progress|medical status inhibiting progress|goal met|goal partially met|goal not met|goal no longer appropriate|goal revised this date|goal ongoing|discharged from facility|medical status inhibited participation|other (see comments),CPM S24 IRF GOAL SUMMARY,Motor Speech Goal 2 (IRF-SLP),1
7420331635,K0005 Back Height Inches,C0062.00,A,height,,Observation,0,,numeric,,,,,T EHC PT SEATING MANUAL MOBILITY NAV|T EHC RHB WC SEATING MOBILITY EVAL,Ultralightweight Manual Wheelchair K0005,2
304001132,"Strategies/Barriers (Bed Mobility Goal 3, PT-IRF)",C0039.00,A,mobility,,Observation,0,,string,,,,,CPM S24 IRF GOAL SUMMARY|ZZZ CPM S21 IRF GOAL SUMMARY,Bed Mobility Goal 3 (PT-IRF),2
10701000140,Nausea and Vomiting: Interventions,C0054.00,A,nausea,,Observation,0,,custom_list,,,,"Assess patient for complaints of nausea|Provide emesis basin/cloth|Notify physician, request antiemetic|Assess for relief of nausea and vomiting",FOUNDATION - ZZ OR PERIOP CARE PLAN|FOUNDATION - ZZ OR PREPROCEDURE NURSING CARE PLAN,Preprocedure: Potential for Nausea and Vomiting,2
7074040,Calculated Urine (mL),C0076.00,A,urine,,Observation,0,,numeric,mL,,,,IP NICU/NEWBORN INTAKE/OUTPUT|IP OB NEWBORN NURSERY INTAKE/OUTPUT|IP PEDS INTAKE/OUTPUT|ROVER NICU INTAKE/OUTPUT + SONNET|ROVER OUTPUT AND ASSESSMENT|ROVER PEDS INTAKE/OUTPUT + SONNET,Diaper Output|Output,6
1570770648,Delirium,C0219.00,A,delirium,,Observation,0,,custom_list,,,,"Mild acute confusional state|Mild acute confusional state|Absent or within normal limits|Absent or within normal limits|Moderate and acute confusional state OR limiting instrumental ADL|Moderate and acute confusional state OR limiting instrumental ADL|Mild acute confusional state|Mild acute confusional state|Severe and acute confusional state OR limiting self care ADL OR urgent intervention indicated OR new onset|Moderate and acute confusional state OR limiting instrumental ADL|Moderate and acute confusional state OR limiting instrumental ADL|Severe and acute confusional state OR limiting self care ADL OR urgent intervention indicated OR new onset|Life-threatening consequences, threats of harm to self or others OR urgent intervention indicated|Life-threatening consequences, threats of harm to self or others OR urgent intervention indicated|Severe and acute confusional state OR limiting self care ADL OR urgent intervention indicated OR new onset|Severe and acute confusional state OR limiting self care ADL OR urgent intervention indicated OR new onset|Death|Death|Life-threatening consequences, threats of harm to self or others OR urgent intervention indicated|Life-threatening consequences, threats of harm to self or others OR urgent intervention indicated|Death|Death",CTCAE V5.00 TOXICITY ASSESSMENT,Psychiatric,1
7090700,Tissue Perfusion and Oxygenation,C0052.00,A,perfusion,,Observation,0,,custom_list,,,,Extremely compromised|Compromised|Adequate|Excellent,GI GENERAL ASSESSMENT|IP ADULT/PEDS BRADEN SCALE ASSESSMENT NAV|IP INFANT/NICU ASSESSMENT|IP PEDS/PICU ASSESSMENT|WOUND CARE SCREENINGS|WOUND CARE SKIN ASSESSMENT NAV,Braden Q Scale,6
1180101676,High Superior Vena Cava Extended Mean Pressure,C0447.00,A,,,Measurement,0,,numeric,mmHg,,,,CV XPER HEMO,High Superior Vena Cava Extended Pressure Measurements,1
74290000227,Gait Skilled Intervention Provided/Distance 2,C0049.00,A,gait,,Observation,0,,string,,,,,EHC RHB IRF PT TREATMENT|RHB IP PT EVALUATION|RHB IP PT TREATMENT|RHB OP PT TREATMENT|T ERH OP PT GAIT TRAINING,Gait Training,5
11685,Eliminating Irrelevant,C0447.00,A,,,Measurement,0,,numeric,,,,,T RHB FAVRES,Task 2,1
1180148065,Pulmonary Vein Left Lower O2 Cont,C0447.00,A,,,Measurement,0,,numeric,%,,,,CV SENSIS HEMO,Saturations,1
12596,Skin Condition/Inspection,C0163.00,A,skin_assessment,,Observation,0,,string,,,,,EHC IP PT PELVIC FLOOR EVAL|T EHC PT PELVIC FLOOR COMBINED EVAL|T EHC PT PELVIC FLOOR EVAL PELVIC FLOOR EXAM NAV,General Observations,3
1180146979,HABAO pO2,C0447.00,A,,,Measurement,0,,numeric,mmHg,,,,CV HEMODYNAMIC,Blood Oximetry Information,1
1570632228,Right Leg Apparent Length Discrepancy (cm),C0447.00,A,,,Measurement,0,,numeric,,0,200,,REHAB OP FULL POSTURE AND GAIT ASSESSMENT|REHAB OP LYMPHEDEMA EVAL|REHAB OP OT OBJECTIVE POSTURE|REHAB OP PT OBJECTIVE CONCUSSION EVAL|REHAB OP PT OBJECTIVE POSTURE,Postural Observations,5
302510,LUL Breath Sounds,C0250.00,A,breath_sounds,,Observation,0,,custom_list,,,,Clear|Diminished|Rales|Rhonchi|Expiratory wheezes|Absent|Coarse crackles|Crackles|Fine crackles|Inspiratory wheezes|Pleural rub|Stridorous|Unable to assess|Other (Comment),ASC BASIC ASSESSMENT NAV|ED ASSESS RESPIRATORY|ED PEDS ASSESS RESPIRATORY NAV|EHC IP BASIC ASSESSMENT|EHC IP RT NEONATAL OXYGEN/CPAP/NIV|EHC IP RT NEONATAL VENT DOC|GI GENERAL ASSESSMENT|IP BASIC ASSESSMENT|IP BH HEAD TO TOE ASSESSMENT|IP BH PEDS/ADOLESCENT DAILY ASSESSMENT|IP CVICU COMPLEX ASSESSMENT|IP DISASTER ASSESSMENT|IP HOME MONITORING ASSESSMENT NAV|IP ICU COMPLEX ASSESSMENT|IP INFANT/NICU ASSESSMENT|IP NEURO ICU COMPLEX ASSESSMENT|IP OB ANTEPARTUM ASSESSMENT|IP OB MAGNESIUM SULFATE|IP OB POSTPARTUM|IP PALLIATIVE CARE ASSESSMENT|IP PEDS/PICU ASSESSMENT|IP PULMONARY REHAB|IP RESPIRATORY DISASTER NAV|IP RT ASSESSMENT NAV|IP RT ASSESSMENTS|IP RT OXYGEN/CPAP/NIV|IP RT TREATMENT|IP VENTILATOR DOC|LTC BASIC ASSESSMENT|MFM RECOVERY|OB NAR ASSESSMENT MATERNAL|OB PHYSICAL ASSESSMENT NAV|ONCBCN INFUSION ASSSMENT|OR PACU FLOWSHEET|OR PACU PEDIATRIC FLOWSHEET|OR PEDS ENDO ASSESSMENT|REHAB ADULT ASSESSMENT,Localized Breath Sounds|Respiratory,37
503610,R Forearm Pronation 0-80-90 Degrees,C0447.00,A,,,Measurement,0,,numeric,Degrees,,360,,EHC IP PT PELVIC FLOOR EVAL|EHC PT OP MANUAL THERAPY EVAL|EHC PT OP MANUAL THERAPY EVAL EXTREITIES NAV|EHC PT RUE NAV|EHC RHB IP OT EVALUATION|EHC RHB IRF OT EVALUATION|EHC RHB IRF PT EVALUATION|EHC RHB OP OT EVALUATION|LTC OT EVALUATION|LTC PT EVALUATION|OCCUPATIONAL THERAPY ASSESSMENT|OT COMPLEX ASSESSMENT|OT EXTREMITY ASSESS NAV|PT ASSESSMENT|PT EXTREMITY ASSESS NAV|PT EXTREMITY ASSESSMENT NAV|PT/OT RIGHT UPPER EXTREMITY NAV|RHB IP PT EVALUATION|RHB OP PT EVALUATION|T EHC OP PT NEURO ORTHO TEMPLATE|T EHC PT LYMPHEDEMA EVAL|T EHC PT LYMPHEDEMA TREAT/DAILY NOTE|T EHC PT PELVIC FLOOR COMBINED EVAL,RUE AROM (degrees),23
1180101565,Right Pulmonary Vein Extended EDP Pressure,C0447.00,A,,,Measurement,0,,numeric,mmHg,,,,CV XPER HEMO,Right Pulmonary Vein Extended Pressure Measurements,1
304911197,Headache with sensitivity to light or noise,C0137.00,A,headache,,Observation,0,,custom_list,,,,0|1|2|3,T EHC RHB CP SCREEN,Concussion Clinical Profiles Screen (CP Screen),1
27156,SaO2,C0447.00,A,,,Measurement,0,,numeric,,,,,IP PULMONARY REHAB EXERCISE ASSESSMENT,Resting Vital Signs,1
7096674,Temp Alarm Limit High,C0060.00,A,temperature,,Observation,0,,numeric,,,,,IP NICU DAILY CARES/SAFETY,Cardiac Alarm Limits,1
1500006040,Missed Therapy Minutes,C0447.00,A,,,Measurement,0,,numeric,,0,,,LTC PT ACTUAL MINUTES|LTC PT MINUTES,Actual Co-Treatment Therapy Minutes|Actual Physical Therapy Minutes,2
7420304018,My cough has made me feel anxious.,C0047.00,A,cough,,Observation,0,,custom_list,,,,All the time|Most of the time|A good bit of the time|Some of the time|A little of the time|Hardly any of the time|None of the time,T EHC RHB LEICESTER COUGH QUESTIONNAIRE LCQ,Leicester Cough Questionnaire (LCQ) - In the last two weeks…,1
1570637890,"Eyes Open, Foam Surface - Trial 2 (sec)",C0447.00,A,,,Measurement,0,,numeric,sec,0,600,,BESTEST - BALANCE EVALUATION SYSTEMS TEST|REHAB OP PT FUNCTIONAL ASSESSMENT BALANCE TESTS,V. Sensory Orientation,2
3040102771,Neuro Additional Assessments,C0003.00,A,neuro_general,,Observation,0,,custom_list,,,,Glasgow Coma Scale|Glasgow Coma Scale|NIH Stroke Scale|NIH Stroke Scale|Modified Rankin|Modified Rankin|Cranial nerves|Cranial nerves|Cervical spine|Cervical spine|Lumbosacral spine|Lumbosacral spine|Train of four|Pupillometer|Train of four|ICE Scale|ICE Scale|Continous EEG monitoring,IP CVICU COMPLEX ASSESSMENT|IP ICU COMPLEX ASSESSMENT|IP OB ANTEPARTUM ASSESSMENT|IP OB MAGNESIUM SULFATE|OB PHYSICAL ASSESSMENT NAV|OR PACU FLOWSHEET,Neurological,6
4080000382,Initial Dose (units/kg/hr),C0078.00,A,heart_rate,,Observation,0,,string,,,,,RX HEPARIN MAR CALCULATOR FLOWSHEET DOCUMENTATION NAV,Initial Dose - to start heparin treatment protocol,1
1180102375,RV Oufl Saturation O2-Sat,C0447.00,A,,,Measurement,0,,numeric,,,,,CV SENSIS HEMO,Saturations,1
1180101309,Aortic Artery Pullback Outflow Extended Systolic Pressure,C0447.00,A,,,Measurement,0,,numeric,mmHg,,,,CV XPER HEMO,Aortic Artery Pullback Outflow Extended Pressure Measurements,1
304001557,Memory FIM Goal (OT-IRF),C0027.00,A,memory,,Observation,0,,custom_list,,,,Score of 7 (FIM)|Score of 7 (FIM)|Score of 6 (FIM)|Score of 6 (FIM)|Score of 5 (FIM)|Score of 5 (FIM)|Score of 4 (FIM)|Score of 4 (FIM)|Score of 3 (FIM)|Score of 3 (FIM)|Score of 2 (FIM)|Score of 2 (FIM)|Score of 1 (FIM)|Score of 1 (FIM)|other (see comments)|other (see comments),CPM S24 IRF GOAL SUMMARY|ZZZ CPM S21 IRF GOAL SUMMARY,Memory FIM Goal (OT-IRF),2
1400000131,Is this patient producing sputum or phlegm?,C0016.00,A,sputum,,Observation,0,,numeric,,,,,COVID-19 MONITORING|ED COVID-19 ASSESSMENT|MYC - DT - COVID-19 FLOWSHEET TEMPLATE,COVID-19 Assessment|COVID-19 Monitoring|GROUP FOR COVID-19,3
1510000424,Freemotion Low-High Wood Chop Reps/Sets/Weight,C0131.00,A,weight,,Observation,0,,string,,,,,IP REHAB EXERCISES,Lumbar Exercises,1
1500006280,L Shoulder PROM Internal Rotation,C0447.00,A,,,Measurement,0,,numeric,,,,,PT SHOULDER ASSESSMENT,Left Shoulder Passive Range of Motion,1
304911055,6) Severe Cognitive Decline (Middle Demential),C0040.00,A,cognition,,Observation,0,,custom_list,,,,"Unable to recall most recent events|Repetitiveness|Removes or does not wear clothing appropriately|Refuses to change clothing|Bathing problems|Feeds self with set-up, cues or assist|Sleep-wake cycle disturbances|Catastrophic reactions|Great resistance to caregiving|Purposeless wandering|Cannot complete two-step commands",T EHC SW GLOBAL DETERIORATION SCALE FOR DEMENTIA,Clinical Characteristics,1
16879,#2 Bahia Grass (W/F in millimeters),C0447.00,A,,,Measurement,0,,numeric,,,,,AMB ALG ALLERGY TESTING|AMB ALG INTRADERMAL TESTING,Panel C Intra,2
10299,SVHI-10,C0447.00,A,,,Measurement,0,,numeric,,0,40,,VOICE QUALITY OF LIFE SCORES,Voice Quality of Life Scores,1
1180104335,Right Ventricular Outflow Tract pO2,C0447.00,A,,,Measurement,0,,numeric,%,,,,CV XPER HEMO,Extended pO2 Measurements,1
17591,3.17b Rest Tremor - LUE,C0011.00,A,tremor,,Observation,0,,custom_list,,,,Normal: No tremor.|Slight: < 1 cm in maximal amplitude.|Mild: At least 1 cm but < 3 cm in maximal amplitude.|Moderate: At least 3 cm but < 10 cm in maximal amplitude.|Severe: At least 10 cm in maximal amplitude.,T EHC AMB NEURO MDS-UPDRS|T EHC AMB NEURO MDS-UPDRS PART 3,PART III: Motor Examination,2
1570630691,Right Shoulder Internal Rotation 0 Degrees Passive Range of Motion,C0447.00,A,,,Measurement,0,,numeric,,-360,360,,REHAB OP SHOULDER EVAL|REHAB OP SHOULDER RANGE OF MOTION,Right Shoulder Internal Rotation 0 Degrees Range of Motion,2
27839,PSG REM latency,C0447.00,A,,,Measurement,0,,numeric,,,,,T EHC AMB SLEEP PHYSICIAN ADJUDICATION,Physician Entered Data,1
742231111,MAP (mmHg) - Sitting,C0447.00,A,,,Measurement,0,,numeric,,0,,,EHC ACUTE SLP EVAL RESPIRATORY AND VITALS NAV|EHC IP PT ORTHOSTATIC VS ORTHO NAV|EHC PT CARDIOPULMONARY NAV|EHC RHB IP OT EVALUATION|EHC RHB IP OT TREATMENT|EHC RHB IRF OT EVALUATION|EHC RHB IRF OT TREATMENT|EHC RHB IRF PT EVALUATION|EHC RHB IRF PT TREATMENT|EHC RHB IRF SLP EVALUATION|EHC RHB IRF SLP TREATMENT|EHC RHB TR EVALUATION|EHC RHB TR TREATMENT|RHB IP PT EVALUATION|RHB IP PT TREATMENT|RHB IP SLP EVAL|RHB IP SLP TREATMENT|RHB OP SLP EVAL,Orthostatic Vital SIgns|Rehab Orthostatic Vital Signs,18
3049111209,Matching words to pictures (32),C0447.00,A,,,Measurement,0,,numeric,,,,,T EHC IP SPEECH MINNESOTA TEST FOR THE DIFFERENTIAL DIAGNOSIS OF APHASIA (MTDDA),Visual and Reading Disturbances,1
742730098,Tip to Tip 3 (lbs),C0447.00,A,,,Measurement,0,,numeric,lbs,,,,HAND THERAPY ASSESSMENT|OT HAND THERAPY ASSESSMENT NAV,Left Hand Strength - Pinch (lbs),2
2100001695,Chronic pain timing:,C0101.00,A,pain_general,,Observation,0,,custom_list,,,,Intermittent|Constant,HP GENERAL CARE MANAGEMENT,General Care Management,1
1500006824,Get Up and Go (sec),C0447.00,A,,,Measurement,0,,numeric,sec,,,,BESTEST - BALANCE EVALUATION SYSTEMS TEST,VI. Stability in Gait,1
154300472,Pain Pump,C0101.00,A,pain_general,,Observation,0,,numeric,,0,,,EHC BH PAT BELONG ALL|EHC BH PATIENT BELONGINGS SAFE NAV,Belongings Sent to Safe,2
1180147338,LRVOC pO2,C0447.00,A,,,Measurement,0,,numeric,mmHg,,,,CV HEMODYNAMIC,Blood Oximetry Information,1
3040100009,Pain Type,C0101.00,A,pain_general,,Observation,0,,custom_list,,,,Acute pain|Chronic pain|Surgical pain|Neuropathic pain|Deep somatic pain|Intractable pain|Phantom pain|Referred pain|Superficial somatic pain|Visceral pain|Other (Comment),AMB BASIC VITALS|AMB HYPERBARIC TREATMENT|AMB ORT ASSESSMENT: MULTIPLE READINGS|AMB PAIN ASSESSMENT: MULTIPLE READINGS|AMB WOUND OUTPATIENT ASSESSMENT|AN POST-OP VITALS|AN VITALS/NPO STATUS|CV TILT TABLE LOG|ED DEPARTURE CONDITION NAV|ED TRAUMA PAIN ASSESSMENT|ED VITALS|EHC IP ICU COMPLEX VITALS AND DRIPS|EHC IP OB ANTEPARTUM ASSESSMENT ROVER|EHC OR/GI PERIOP VITALS|ENDOSCOPY INTRAPROCEDURE VITALS|HH PALLIATIVE CARE PAIN AND SYMPTOM ASSESSMENT NAV|HSPC PAIN|IP BASIC VITALS|IP BASIC VITALS NAV|IP BH PEDS/ADOLESCENT ADMISSION|IP DIALYSIS ASSESSMENT|IP ECT THERAPY - POST|IP ECT THERAPY - PRE|IP ICU COMPLEX VITALS|IP OB ANTEPARTUM ASSESSMENT|IP OB LABOR ASSESSMENT|IP OB POSTPARTUM|IP PAIN NAV|IP PATIENT CONTROLLED ANALGESIA (PCA)|IP PCT VITALS INTAKE/OUTPUT|IP PEDS BASIC VITAL SIGNS|IP PEDS BASIC VITAL SIGNS & INTAKE/OUTPUT|IP PICU COMPLEX VITAL SIGNS|IP RT VITALS NAV|OB NAR PAIN/RASS MATERNAL|OR PACU FLOWSHEET|OR PACU PEDIATRIC FLOWSHEET|OR PERI-OP VITALS|PLASMAPHERESIS|ROVER IP PCT VITALS INTAKE/OUTPUT + SONNET|ROVER PAIN|ROVER PAIN + SONNET|T EHC IP POST FALL ASSESSMENT|T EHC OR PERIOP VITALS - ASC|T EHC TRANSITIONS NURSING INTAKE ASSESSMENT|T EHC TRANSITIONS OUTPATIENT NURSING INTAKE|T EHC TRANSITIONS PSYCHOSOCIAL|T RAD ONC NURSE TO NURSE HANDOFF|WOUND CARE PAIN ASSESSMENT NAV|WOUND CARE SCREENINGS,IPAT Functional Pain Assessment|Inpatient Radiation Assessment Details|Pain|Pain Assessment,50
304730081723,Standing Balance,C0037.00,A,balance,,Observation,0,,custom_list,,,,good|fair|poor|other (comment),EHC RHB T DRIVING PHYSICAL ASSESSMENT NAV|EHC T RHB OT DRIVING ASSESSMENT,Physical Assessment,2
1315400267,Orolingual Edema Management,C0028.00,A,edema,,Observation,0,,custom_list,,,,airway patency maintained|calming measures promoted|medication response monitored|positioned for comfort|respiratory status monitored|other (see comments),CPM S21 CPIF ADULT/OB INTERVENTION (CARE PLAN)|CPM S24 CPIF CARE PLAN INTERVENTIONS|ZZZ CPM S21 CPIF PEDIATRIC INTERVENTION (CARE PLAN),Safety Interventions,3
1180101725,Blalock Extended A WAVE Pressure,C0447.00,A,,,Measurement,0,,numeric,mmHg,,,,CV XPER HEMO,Blalock Extended Pressure Measurements,1
1570010002,Pressure Injury Stage,C0008.00,A,pressure_injury,,Observation,0,,numeric,,,,,ALL FOUNDATION LDAS|AN LDAS|ASC BASIC ASSESSMENT NAV|CARDIAC REHAB ASSESSMENT|CV LDAS|ED LINES/AIRWAYS|ED NAR ASSESS SKIN|ED WOUND CARE|EHC IP BASIC ASSESSMENT|EHC IP POST PROCEDURE|IP BASIC ASSESSMENT|IP BH HEAD TO TOE ASSESSMENT|IP BH PEDS/ADOLESCENT DAILY ASSESSMENT|IP CVICU COMPLEX ASSESSMENT|IP ICU COMPLEX ASSESSMENT|IP INFANT/NICU ASSESSMENT|IP NEURO ICU COMPLEX ASSESSMENT|IP PALLIATIVE CARE ASSESSMENT|IP PEDS/PICU ASSESSMENT|IP SCI SKIN DATA SET NAV|IP WOUND ASSESSMENT/CARE|LTC BASIC ASSESSMENT|MATERNAL EMERGENCY NARRATOR LDAS|MFM RECOVERY|OB RECOVERY|ONCBCN INFUSION ASSSMENT|OP WOUND ASSESSMENT/CARE|OR INCISIONS/WOUNDS|OR PACU FLOWSHEET|OR PACU PEDIATRIC FLOWSHEET|PT TREATMENT|PT TREATMENT NAV|PT/OT WOUND NAV|REHAB ADULT ASSESSMENT|ROVER WOUND LDA + SONNET|T EHC PT LYMPHEDEMA EVAL|T EHC PT LYMPHEDEMA EVAL EDEMA NAV|T EHC PT LYMPHEDEMA TREAT/DAILY NOTE|T EHC PT WOUND CARE|T EHC PT WOUND CARE WOUND CARE NAV,Wound,40
1020100862,Variability in Waveform for Non-Stress Test 2,C0084.00,A,fetal_variability,,Observation,0,,custom_list,,,,Absent|Minimal|Moderate|Marked,AMB OB NST NAV|IP OB DIAGNOSTICS NAV,Non-Stress Test 2,2
1180148067,Pulmonary Vein Left Lower PO2,C0447.00,A,,,Measurement,0,,numeric,%,,,,CV SENSIS HEMO,Pressures,1
3040100601,Fever,C0042.00,A,fever,,Observation,0,,custom_list,,,,Indicator not present|Fever less than 101 degrees F/38.3 degrees C|Fever greater than/equal to 101 degrees F/38.3 degrees C,IP FINNEGAN NEONATAL ABSTINENCE SCORE,Metabolic/Vasomotor/Respiratory Disturbances,1
1180147613,RPAW O2 Sat,C0447.00,A,,,Measurement,0,,numeric,%,,,,CV HEMODYNAMIC,O2 Sat Measurements,1
1570700143,Generalized Anxiety Score (Parent),C0068.00,A,anxiety,,Observation,0,,numeric,,,,,BH SCREEN FOR CHILD ANXIETY RELATED DISORDERS (PARENT),SCARED (Parent),1
1180104147,Ascending Aorta PH,C0447.00,A,,,Measurement,0,,numeric,%,,,,CV XPER HEMO,Extended PH Measurements,1
16887,#5 Bahia Grass (W/F in millimeters),C0447.00,A,,,Measurement,0,,numeric,,,,,AMB ALG ALLERGY TESTING|AMB ALG INTRADERMAL TESTING,Panel C Intra,2
1510000142,Straight Leg Raise Abduction Reps/Sets/Weight (Hip),C0131.00,A,weight,,Observation,0,,string,,,,,IP REHAB EXERCISES,Hip Exercises,1
30979,CVScr Score,C0447.00,A,,,Measurement,0,,numeric,,,,,T EHC GAIN SHORT SCREENER (GAIN-SS),Lifetime Scoring,1
1570638641,BCBT Stage 8 Visual Analogue Scale,C0447.00,A,,,Measurement,0,,numeric,,0,10,,REHAB OP BUFFALO CONCUSSION BIKE TEST (BCBT)|REHAB OP PT OBJECTIVE CONCUSSION EVAL,Buffalo Concussion Bike Test (BCBT),2
7420331597,Mobility Base Color,C0072.00,A,color,,Observation,0,,string,,,,,T EHC PT SEATING MOBILITY BASE RECOMMENDATIONS NAV|T EHC RHB WC SEATING MOBILITY EVAL,Mobility Base Recommendations / Justification,2
8100100,(F) Intake to be Removed (A+B+C+E; omit D)(mL),C0087.00,A,intake,,Observation,0,,numeric,mL,,,,IP CRRT,Intake,1
7081614,R Ring DIP 0-70 (degrees),C0447.00,A,,,Measurement,0,,numeric,Degrees,,360,,HAND THERAPY ASSESSMENT|OT HAND THERAPY ASSESSMENT NAV,Right Hand AROM,2
3049111173,E6. I have low self-esteem because of my swallowing problem,C0067.00,A,swallowing,,Observation,0,,custom_list,,,,Strongly Agree|Agree|No Opinion|Disagree|Strongly Disagree,T EHC MDA DYSPHAGIA INVENTORY (MDADI),Dysphagia Inventory,1
304000038,"Time Frame (Bathing Goal, OT-IRF)",C0065.00,A,bathing,,Observation,0,,custom_list,,,,short-term goal (STG)|short-term goal (STG)|long-term goal (LTG)|long-term goal (LTG)|1 day|1 day|2 days|2 days|2-3 days|2-3 days|3 days|3 days|4 days|4 days|3 - 5 days|3 - 5 days|5 days|5 days|5 - 7 days|5 - 7 days|1 week|1 week|2 weeks|2 weeks|14 days or less|14 days or less|3 weeks|3 weeks|21 days or less|21 days or less|30 days or less|30 days or less|4 weeks|4 weeks|5 weeks|5 weeks|6 weeks|6 weeks|by discharge|by discharge|other (see comments)|other (see comments),CPM S24 IRF GOAL SUMMARY|ZZZ CPM S21 IRF GOAL SUMMARY,Bathing Goal (OT-IRF),2
2600000415,Average Flow (mL/s),C0447.00,A,,,Measurement,0,,numeric,,,,,GYN URODYNAMIC TESTING,Pressure Flow Study (With Rectal Catheter),1
1180104209,Proximal Right Pulmonary Artery PH,C0447.00,A,,,Measurement,0,,numeric,%,,,,CV XPER HEMO,Extended PH Measurements,1
3042226131,LEFT TOTAL VOLUME (cc),C0447.00,A,,,Measurement,0,,numeric,cc,,,,T EHC LYMPHEDEMA UE SEGMENTAL MEASUREMENTS NEW|T EHC OP PT NEURO ORTHO TEMPLATE,Lymphedema Hand Wrist Other Measurements,2
7420315647,Volume of E-F Segment (ml),C0447.00,A,,,Measurement,0,,numeric,ml,,,,T EHC LYMPHEDEMA LIMB VOLUME MEASUREMENTS NEW|T EHC LYMPHEDEMA RLE NAV|T EHC PT LYMPHEDEMA EVAL|T EHC PT LYMPHEDEMA TREAT/DAILY NOTE,RLE Measurements,4
708366400,Volitional Cough,C0047.00,A,cough,,Observation,0,,custom_list,,,,Within functional limits|Dry|Wet|Weak|No cough|Other (Comment),EHC ACUTE SLP EVAL OROPHARYNGEAL AND LARYNGEAL MECHANISM NAV|EHC IP SLP EVAL OROPHARYNGEAL AND LARYNGEAL MECHANISM NAV|EHC RHB IRF SLP EVALUATION|EHC SLP FEES|RHB IP SLP EVAL|RHB OP SLP EVAL|T EHC SLP FEES GENERAL NAV|T EHC SLP FEES IRF,Patient Assessment|Volitional Cough,8
4000000051,Appropriate Weight,C0131.00,A,weight,,Observation,0,,custom_list,,,,Yes - BMI 19-25|No,CARDIAC REHAB RISK FACTORS/GOALS,Weight,1
1315400232,"Activity/Technique (Pain Goal 1, PT)",C0101.00,A,pain_general,,Observation,0,,custom_list,,,,complete activities of daily living|complete functional activities/occupations|complete functional mobility|implement pain management techniques|improve functional movement patterns|improve postural alignment|improve sleep quality or duration|minimize medication use|reduce muscle spasm|incorporate adaptive equipment/assistive devices|incorporate body mechanics techniques|incorporate energy conservation techniques|incorporate complementary health approaches|incorporate physical activity/therapeutic exercise|incorporate physical agents or modalities|incorporate self-management techniques|other (see comments),CPM S24 REH REHAB GOAL SUMMARY,Pain Management Goal 1 (PT),1
1315400226,"Prog/Outcomes (Balance Goal 1, PT-IRF)",C0037.00,A,balance,,Observation,0,,custom_list,,,,good progress toward goal|continuing progress toward goal|progress slower than expected|unable to make needed progress|medical status inhibiting progress|goal met|goal partially met|goal not met|goal no longer appropriate|goal revised this date|goal ongoing|transferred to acute care setting|discharged from facility|medical status inhibited participation|other (see comments),CPM S24 IRF GOAL SUMMARY,Balance Goal 1 (PT-IRF),1
1570631639,Lumbar Flexion Active Range of Motion,C0447.00,A,,,Measurement,0,,numeric,,-360,360,,REHAB OP OBJECTIVE LUMBAR RANGE OF MOTION|REHAB OP OBJECTIVE LUMBAR SPINE EVAL|REHAB OP PELVIC FLOOR OBJECTIVE EVAL,Lumbar Flexion Range of Motion,3
1180147212,LHEPV pO2,C0447.00,A,,,Measurement,0,,numeric,mmHg,,,,CV HEMODYNAMIC,Blood Oximetry Information,1
1500006235,L Gait Comment,C0049.00,A,gait,,Observation,0,,string,,,,,PT ANKLE ASSESSMENT|PT HIP ASSESSMENT|PT KNEE ASSESSMENT,Left Gait Assessment,3
154300449,Bathrobe,C0447.00,A,,,Measurement,0,,numeric,,0,,,EHC BH PAT BELONG ALL|EHC BH PATIENT BELONGINGS SAFE NAV,Belongings Sent to Safe,2
21065328242,Number Of Panic Attacks Per Week,C0447.00,A,,,Measurement,0,,numeric,attack(s),,,,T EHC AMB PUL RHB LD OUTCOME SUMMARY,Panic Attacks,1
1180147433,PACN Hb,C0447.00,A,,,Measurement,0,,numeric,g/dL,,,,CV HEMODYNAMIC,O2 Sat Measurements,1
7420302249,Average,C0447.00,A,,,Measurement,0,,numeric,,,,,T EHC RHB PT VESTIBULAR CONCUSSION EVAL,"Neck (Items 16, 25)",1
1180000262,Blood Temp,C0060.00,A,temperature,,Observation,0,,numeric,°C,,,,CV HEMODYNAMIC,Cardiac Output Results,1
1020100878,Baseline Fetal Heart Rate for Non-Stress Test 2,C0078.00,A,heart_rate,,Observation,0,,numeric,BPM,0,,,AMB OB NST NAV|IP OB DIAGNOSTICS NAV,Non-Stress Test 2,2
7081637,L Thumb MCP 0-60 (degrees),C0447.00,A,,,Measurement,0,,numeric,Degrees,,360,,HAND THERAPY ASSESSMENT|OT HAND THERAPY ASSESSMENT NAV,Left Hand AROM,2
1500006827,BESTest Percent Total Score,C0447.00,A,,,Measurement,0,,numeric,,,,,BESTEST - BALANCE EVALUATION SYSTEMS TEST,BESTest Total Score,1
742067917,Impairments Contributing to Balance Dysfunction,C0037.00,A,balance,,Observation,0,,custom_list,,,,Abnormal muscle tone|Decreased|Impaired|Coordination|Motor control|Pain|Postural control|Range of motion (ROM)|Restricted weight-bearing ability|Sensation|Sensory feedback|Strength|Other (Comment),T EHC OP PT NEURO ORTHO TEMPLATE|T EHC OP PT NEURO SPECIAL TESTS NAV,Special Tests - Neuro / Balance,2
318480,L Hip ABduction 0-45 Degrees,C0447.00,A,,,Measurement,0,,numeric,,,360,,EHC IP PT PELVIC FLOOR EVAL|EHC OP PT PELVIC FLOOR EVAL|EHC PT LLE NAV|EHC PT OP MANUAL THERAPY EVAL|EHC PT OP MANUAL THERAPY EVAL EXTREITIES NAV|EHC RHB IP OT EVALUATION|EHC RHB IRF OT EVALUATION|EHC RHB IRF PT EVALUATION|EHC RHB OP OT EVALUATION|LTC OT EVALUATION|LTC PT EVALUATION|PT ASSESSMENT|PT EXTREMITY ASSESS NAV|PT EXTREMITY ASSESSMENT NAV|PT OT LLE NAV|PT/OT LOWER EXTREMITY NAV|RHB IP PT EVALUATION|RHB OP PT EVALUATION|T EHC OP PT NEURO ORTHO TEMPLATE|T EHC PT LYMPHEDEMA EVAL|T EHC PT LYMPHEDEMA TREAT/DAILY NOTE|T EHC PT PELVIC FLOOR COMBINED EVAL,LLE PROM (degrees),22
742503560,R Shoulder Internal Rotation 0-90 Degrees,C0447.00,A,,,Measurement,0,,numeric,Degrees,,360,,EHC IP PT PELVIC FLOOR EVAL|EHC PT OP MANUAL THERAPY EVAL|EHC PT RUE NAV|EHC RHB IRF PT EVALUATION|EHC RHB OP OT EVALUATION|LTC OT EVALUATION|LTC PT EVALUATION|OCCUPATIONAL THERAPY ASSESSMENT|OT EXTREMITY ASSESS NAV|PT ASSESSMENT|PT EXTREMITY ASSESS NAV|PT EXTREMITY ASSESSMENT NAV|RHB IP PT EVALUATION|RHB OP PT EVALUATION|T EHC OP PT NEURO ORTHO TEMPLATE|T EHC PT LYMPHEDEMA EVAL|T EHC PT LYMPHEDEMA TREAT/DAILY NOTE|T EHC PT PELVIC FLOOR COMBINED EVAL,RUE AAROM (degrees),18
16890,#5 Birch Tree (W/F in millimeters),C0447.00,A,,,Measurement,0,,numeric,,,,,AMB ALG ALLERGY TESTING|AMB ALG INTRADERMAL TESTING,Panel C Intra,2
1180101448,Left Renal Vein Extended Mean Pressure,C0447.00,A,,,Measurement,0,,numeric,mmHg,,,,CV XPER HEMO,Left Renal Vein Extended Pressure Measurements,1
20348,When was your last hearing test?,C0088.00,A,hearing,,Observation,0,,string,,,,About the same|Right|Left,T EHC AMB AUD HRT CASE HISTORY SHORT,Hearing Loss Information,1
1180103784,ART Femo O2 Cont,C0447.00,A,,,Measurement,0,,numeric,,,,,CV SENSIS HEMO,Saturations,1
742231070,BP Location,C0034.00,A,blood_pressure,,Observation,0,,custom_list,,,,Right arm|Left arm|Right leg|Left leg|Other (Comment),EHC ACUTE SLP EVAL RESPIRATORY AND VITALS NAV|EHC PT CARDIOPULMONARY NAV|EHC RHB IP OT EVALUATION|EHC RHB IP OT TREATMENT|EHC RHB IRF OT EVALUATION|EHC RHB IRF OT TREATMENT|EHC RHB IRF PT EVALUATION|EHC RHB IRF PT TREATMENT|EHC RHB IRF SLP EVALUATION|EHC RHB IRF SLP TREATMENT|EHC RHB TR EVALUATION|EHC RHB TR TREATMENT|RHB IP PT EVALUATION|RHB IP PT TREATMENT|RHB IP SLP EVAL|RHB IP SLP TREATMENT|RHB OP SLP EVAL,Cardiopulmonary Vitals Entry 2,17
1570636552,Right Grip Setting 4,C0447.00,A,,,Measurement,0,,numeric,,0,200,,REHAB OP HAND GRIP STRENGTH EVAL|REHAB OP WRIST/HAND EVAL,Grip Assessment,2
1544700115,"8. Paying attention to, understanding, discussing TV, book, magazine",C0079.00,A,attention,,Observation,0,,custom_list,,,,Dependent|Requires assistance|Has difficulty but does by self|Normal|Never did this but could do now|Never did and would have difficulty now,T BH FUNCTIONAL ACTIVITIES QUESTIONNAIRE (FAQ),Questions,1
1570063623,Pain Location (3),C0022.00,A,pain_location,,Observation,0,,custom_list,,,,Head|Throat|Neck|Shoulder|Upper arm|Elbow|Forearm|Wrist|Hand/fingers|Chest|Abdomen|Pelvis/genitalia|Upper back|Lower back|Buttocks|Hip|Anus|Upper leg/thigh|Knee|Shin|Calf|Ankle|Foot/toes,ISCOS SCI PAIN DATA SET NAV|ISCOS SCI REPORTING TEMPLATE,Third Worst Pain Problem,2
1180104196,Left Vertebral Artery PH,C0447.00,A,,,Measurement,0,,numeric,%,,,,CV XPER HEMO,Extended PH Measurements,1
304000433,Attention FIM Goal (SLP-IRF),C0079.00,A,attention,,Observation,0,,custom_list,,,,Score of 7 (FIM)|Score of 7 (FIM)|Score of 6 (FIM)|Score of 6 (FIM)|Score of 5 (FIM)|Score of 5 (FIM)|Score of 4 (FIM)|Score of 4 (FIM)|Score of 3 (FIM)|Score of 3 (FIM)|Score of 2 (FIM)|Score of 2 (FIM)|Score of 1 (FIM)|Score of 1 (FIM)|other (see comments)|other (see comments),CPM S24 IRF GOAL SUMMARY|ZZZ CPM S21 IRF GOAL SUMMARY,Attention FIM Goal (SLP-IRF),2
9859,RR (total),C0447.00,A,,,Measurement,0,,numeric,,,,,IP DISASTER VENT DOC NAV,Settings,1
1180101820,Right Coronary Artery Extended Mean Pressure,C0447.00,A,,,Measurement,0,,numeric,mmHg,,,,CV XPER HEMO,Right Coronary Artery Extended Pressure Measurements,1
8100120,(G) Total Output (mL),C0031.00,A,output,,Observation,0,,numeric,mL,,,,IP CRRT,Output,1
1180101660,Main Inferior Vena Cava Extended V WAVE Pressure,C0447.00,A,,,Measurement,0,,numeric,mmHg,,,,CV XPER HEMO,Main Inferior Vena Cava Extended Pressure Measurements,1
742231023,Pulse,C0056.00,A,pulse,,Observation,0,,numeric,,0,500,,EHC ACUTE SLP EVAL RESPIRATORY AND VITALS NAV|EHC PT CARDIOPULMONARY NAV|EHC RHB IP OT EVALUATION|EHC RHB IP OT TREATMENT|EHC RHB IRF OT EVALUATION|EHC RHB IRF OT TREATMENT|EHC RHB IRF PT EVALUATION|EHC RHB IRF PT TREATMENT|EHC RHB IRF SLP EVALUATION|EHC RHB IRF SLP TREATMENT|EHC RHB TR EVALUATION|EHC RHB TR TREATMENT|RHB IP PT EVALUATION|RHB IP PT TREATMENT|RHB IP SLP EVAL|RHB IP SLP TREATMENT|RHB OP SLP EVAL,Cardiopulmonary Vitals Entry 3,17
330060,Cardio (WDL),C0335.00,A,wdl_screening,,Observation,0,,custom_list,,,,Within Defined Limits|Exceptions to WDL,ED PEDS ASSESS CARDIAC NAV,Cardiac,1
304001758,Aspiration Prevention During Seizure,C0030.00,A,seizure,,Observation,0,,custom_list,,,,positioned on side during seizure|positioned on side during seizure|suctioned secretions/vomitus|suctioned secretions/vomitus|other (see comments)|other (see comments),CPM S21 CPIF ADULT/OB INTERVENTION (CARE PLAN)|CPM S21 CPIF NICU/NB INTERVENTION (CARE PLAN)|CPM S24 CPIF CARE PLAN INTERVENTIONS|ZZZ CPM S21 CPIF PEDIATRIC INTERVENTION (CARE PLAN),Safety Interventions,4
10701000161,Anxiety: Evaluation of Goals Met,C0068.00,A,anxiety,,Observation,0,,custom_list,,,,Goal met|Goal not met (Comment),FOUNDATION - ZZ OR PERIOP CARE PLAN|FOUNDATION - ZZ OR PREPROCEDURE NURSING CARE PLAN,Preprocedure: Anxiety Related to Impending Procedure and Anesthesia/Sedation,2
7420000258,Swallow Comments,C0067.00,A,swallowing,,Observation,0,,string,,,,,RHB IP SLP TREATMENT|RHB OP SLP TREATMENT|T EHC SLP TREAT SWALLOWING NAV,Swallowing,3
304000455,"Progress/Outcomes (Bed Mobility Goal 1, OT)",C0039.00,A,mobility,,Observation,0,,custom_list,,,,good progress toward goal|good progress toward goal|continuing progress toward goal|continuing progress toward goal|progress slower than expected|progress slower than expected|unable to make needed progress|unable to make needed progress|medical status inhibiting progress|medical status inhibiting progress|goal met|goal met|goal partially met|goal partially met|goal not met|goal not met|goal no longer appropriate|goal no longer appropriate|goal revised this date|goal revised this date|goal ongoing|goal ongoing|discharged from facility|discharged from facility|medical status inhibited participation|medical status inhibited participation|other (see comments)|other (see comments),CPM S24 REH REHAB GOAL SUMMARY|ZZZ CPM S21 REH REHAB GOAL SUMMARY,Bed Mobility Goal 1 (OT),2
7085590,Drainage Appearance,C0050.00,A,drainage,,Observation,0,,custom_list,,,,Bile|Bloody|Bright red|Brown|Clear|Clots|Cloudy|Coffee ground|Dark red|Dilute|Green|Milky|Mucous shreds|Pink tinged|Purulent|Serosanguineous|Serous|Straw|Tan|Thin|Thick|Yellow|None|Other (Comment),ALL FOUNDATION LDAS|AN LDAS|ED INTAKE/OUTPUT|ED LINES/AIRWAYS|ED TRAUMA INTAKE/OUTPUT|EHC ED TRIAGE ARRIVAL DOCUMENTATION NAV|IP ICU INTAKE/OUTPUT WITH VITALS|IP INTAKE/OUTPUT|IP NICU/NEWBORN INTAKE/OUTPUT|IP PCT VITALS INTAKE/OUTPUT|IP PEDS BASIC VITAL SIGNS & INTAKE/OUTPUT|IP PEDS INTAKE/OUTPUT|MATERNAL EMERGENCY NARRATOR LDAS|OR LDAS|REHAB INTAKE/OUTPUT|RIS LDA ASSESS CONTRAST RADIOPHARM ADMIN NAV|RIS LDAS IR PRE-PROC,Closed Drain|Gastroesophageal Balloon Tamponade Tube|Gastrostomy/Enterostomy|NG/OG Tube|NG/OG Tube NICU|Open Drain,17
3040102703,Apnea Monitor Alarms Audible,C0097.00,A,apnea,,Observation,0,,custom_list,,,,Yes|Not in use|Other (Comment),IP PEDS DAILY CARES/SAFETY,Apnea Monitor|Safe Environment,1
1542100201,Participation of Activities of Daily Living,C0017.00,A,adl,,Observation,0,,custom_list,,,,Good hygiene|Inconsistent hygiene|Poor hygiene|Healthy sleep patterns|Unhealthy sleep patterns|Other (Comment),T EHC HBFF INTEGRATED PROGRESS SUMMARY,Dimension 3,1
3040100819,Grip Strength,C0006.00,A,grip_strength,,Observation,0,,string,,,,,"EHC AMB FN ACCESS TO FOOD, PHYSICAL ACTIVITY AND FUNCTION|IP FN ACCESS TO FOOD, PHYSICAL ACTIVITY AND FUNCTION",Physical Activity and Function,2
1180101815,Left Coronary Artery Extended A WAVE Pressure,C0447.00,A,,,Measurement,0,,numeric,mmHg,,,,CV XPER HEMO,Left Coronary Artery Extended Pressure Measurements,1
1570637044,Toilet/Commode Transfer Assistance,C0064.00,A,toileting,,Observation,0,,custom_list,,,,Independent|Supervision|Setup/cleanup|Contact guard assist|Minimal assist|Moderate assist|Maximal assist|Dependent,REHAB OP NEURO BED MOBILITY/TRANSFERS|REHAB OP NEURO EVAL,Transfers and Bed Mobility,2
30412000163,Telemetry Resp Rate Below 8 or Above 28 w/in last 24 Hours,C0350.00,A,respiratory_rate,,Observation,0,,custom_list,,,,Yes|No,EHC IP BASIC ASSESSMENT|IP BASIC ASSESSMENT,Telemetry DC Screening,2
1570632969,CARE Score - Shower/Bathe Self,C0065.00,A,bathing,,Observation,0,,string,,,,,GG PERFORMANCE ALTERNATE|GG PERFORMANCE SFLO ALTERNATE,Shower/Bathe Self,2
1500004084,Bed Mobility to 2,C0039.00,A,mobility,,Observation,0,,custom_list,,,,Supine|Semi-fowler|Prone|Side lying-right|Side lying-left|Short sit|Long sit|Edge of bed sit|Elbows|Rolling right|Rolling left|Scooting,EHC PT BED MOBILITY NAV|EHC RHB IP OT EVALUATION|EHC RHB IP OT TREATMENT|LTC PT TREATMENT|RHB IP PT EVALUATION|RHB IP PT TREATMENT,Bed Mobility 2,6
1570633471,Speech Rate Details,C0075.00,A,speech,,Observation,0,,string,,,,,REHAB OP SLP MOTOR SPEECH|REHAB OP SLP OBJECTIVE VOICE EVAL,Oral Agility,2
304001991,"Independence/Cues/Accuracy (Orientation Goal 1, OT-IRF)",C0026.00,A,orientation,,Observation,0,,custom_list,,,,independently|independently|independent use of environmental cues/strategies|with minimum|minimal cues for use of strategies|with moderate|with maximum|moderate cues for use of strategies|physical/tactile cues|constant cues for use of strategies|with 90% accuracy|verbal cues/redirection|written cues|with 80% accuracy|with 75% accuracy|with additional processing time|with 60% accuracy|with environmental modification/cues|with 50% accuracy|with repetition of directions|with 25% accuracy|with external compensatory strategy|other (see comments)|with internal compensatory strategy|with cues for initiation|with 90% accuracy|with 80% accuracy|with 75% accuracy|with 60% accuracy|with 50% accuracy|with 25% accuracy|other (see comments),CPM S24 IRF GOAL SUMMARY|ZZZ CPM S21 IRF GOAL SUMMARY,Orientation Goal 1 (OT-IRF),2
742730086,Tip to Tip 3 (lbs),C0447.00,A,,,Measurement,0,,numeric,lbs,,,,HAND THERAPY ASSESSMENT|OT HAND THERAPY ASSESSMENT NAV,Right Hand Strength - Pinch (lbs),2
28093,"Have you noticed any headaches, dizziness, changes in vision or increased swelling on your body since giving birth?",C0044.00,A,vision,,Observation,0,,custom_list,,,,Yes|No,EHC HP CHW PROGRAM INTAKE,Hypertension,1
154300352,Bilateral Hearing Aids,C0088.00,A,hearing,,Observation,0,,numeric,,0,,,EHC BH PAT BELONG ALL|EHC BH PATIENT BELONGINGS AT BEDSIDE NAV,Belongings at Bedside,2
7085820,Patient's Stated Pain Goal 3,C0101.00,A,pain_general,,Observation,0,,custom_list,,,,No pain|1|2|3|4|5|6|7|8|9|10|Other (Comment),AMB BASIC VITALS|AMB HYPERBARIC TREATMENT|AMB ORT ASSESSMENT: MULTIPLE READINGS|AMB PAIN ASSESSMENT: MULTIPLE READINGS|AN POST-OP VITALS|AN VITALS/NPO STATUS|CV TILT TABLE LOG|ED DEPARTURE CONDITION NAV|ED TRAUMA PAIN ASSESSMENT|ED VITALS|EHC IP ICU COMPLEX VITALS AND DRIPS|EHC OR/GI PERIOP VITALS|ENDOSCOPY INTRAPROCEDURE VITALS|HH PALLIATIVE CARE PAIN AND SYMPTOM ASSESSMENT NAV|IP BASIC VITALS|IP BASIC VITALS NAV|IP BH PEDS/ADOLESCENT ADMISSION|IP ECT THERAPY - POST|IP ECT THERAPY - PRE|IP ICU COMPLEX VITALS|IP PAIN NAV|IP PATIENT CONTROLLED ANALGESIA (PCA)|IP PCT VITALS INTAKE/OUTPUT|IP PEDS BASIC VITAL SIGNS|IP PEDS BASIC VITAL SIGNS & INTAKE/OUTPUT|IP PICU COMPLEX VITAL SIGNS|IP RT VITALS NAV|OR PACU FLOWSHEET|OR PACU PEDIATRIC FLOWSHEET|OR PERI-OP VITALS|PLASMAPHERESIS|ROVER IP PCT VITALS INTAKE/OUTPUT + SONNET|ROVER PAIN|T EHC OR PERIOP VITALS - ASC,Pain 3,34
31126,Blood Pressure,C0034.00,A,blood_pressure,,Observation,0,,numeric,,,,,T EHC AMB CAR 6 MINUTE WALK TEST,Recovery,1
3041008168,Ambluation SpO2 on Recommended O2,C0418.00,A,spo2,,Observation,0,,numeric,%,,,,IP RT OXYGEN/CPAP/NIV,Home Oxygen Evaluation,1
1570631306,Berg Balance Fall Risk,C0010.00,A,fall_risk,,Observation,0,,string,,,,,REHAB OP OBJECTIVE VESTIBULAR EVAL|REHAB OP PT FUNCTIONAL ASSESSMENT BALANCE - BERG|REHAB OP PT FUNCTIONAL ASSESSMENT BALANCE TESTS|REHAB OP PT OBJECTIVE CONCUSSION EVAL|RHB BERG BALANCE TEST NAV,Berg Balance Scale,5
7422600172,SpO2 - Supine #2,C0418.00,A,spo2,,Observation,0,,numeric,%,0,100,,EHC IP PT ORTHOSTATIC VS ORTHO NAV,Orthostatic Vital Signs #2,1
10701000382,Respiratory: Evaluation of Goals Met,C0057.00,A,respiratory_general,,Observation,0,,custom_list,,,,Goal met|Goal not met (Comment),FOUNDATION - ZZ OR INTRAPROCEDURE  NURSING CARE PLAN|FOUNDATION - ZZ OR PERIOP CARE PLAN,Intraprocedure: Potential for Impaired Respiratory Function,2
742022219,MPT Sustained /ah/ After Lidocaine (seconds),C0447.00,A,,,Measurement,0,,numeric,sec,,,,EHC SLP OP LARYNGECTOMY,Insufflation Lidocaine,1
1600400100,Repeat CSSRS,C0157.00,A,suicide_risk,,Observation,0,,string,,,,,ED C-SSRS SCREENING WITH REPEAT TASK,Repeat Suicide Screening,1
2103000224,CUDIT-R Score,C0447.00,A,,,Measurement,0,,numeric,,,,,T EHC AMB CUDIT-R,CUDIT-R,1
1500006548,R Wrist AROM Ulnar Deviation,C0447.00,A,,,Measurement,0,,numeric,,,,,PT WRIST ASSESSMENT,Right Wrist Active Range of Motion,1
1150000096,Separation Differential Pressure <+100 ((Change Symbol) P),C0447.00,A,,,Measurement,0,,numeric,,,,,APHERESIS COMPREHENSIVE,Patient run to be charted q30min (LDL),1
1570631082,Pain Effect on Sleep,C0101.00,A,pain_general,,Observation,0,,custom_list,,,,Does not apply - I have not had any pain or hurting in the past 5 days|Does not apply - I have not had any pain or hurting in the past 5 days|Rarely or not at all|Rarely or not at all|Occasionally|Occasionally|Frequently|Frequently|Almost constantly|Almost constantly|Unable to answer|Unable to answer,EHC RHB IRF OT EVALUATION|EHC RHB IRF PT EVALUATION|RHB IRF ITEMS|SPADE HEALTH CONDITIONS PAIN NAV|T EHC RHB QUALITY INDICATORS BIG NAV,Health Conditions,5
1570770583,Depressed Level of Consciousness,C0055.00,A,consciousness,,Observation,0,,custom_list,,,,Absent or within normal limits|Decreased level of alertness|Decreased level of alertness|Absent or within normal limits|Decreased level of alertness|Decreased level of alertness|Sedation OR slow response to stimuli OR limiting instrumental ADL|Sedation OR slow response to stimuli OR limiting instrumental ADL|Difficult to arouse|Difficult to arouse|Sedation OR slow response to stimuli OR limiting instrumental ADL|Sedation OR slow response to stimuli OR limiting instrumental ADL|Difficult to arouse|Life-threatening consequences OR coma OR urgent intervention indicated|Life-threatening consequences OR coma OR urgent intervention indicated|Difficult to arouse|Life-threatening consequences OR coma OR urgent intervention indicated|Death|Life-threatening consequences OR coma OR urgent intervention indicated|Death|Death|Death,CTCAE V5.00 TOXICITY ASSESSMENT|ONCBCN INFUSION ASSSMENT,Nervous System,2
1120100452,PPP,C0447.00,A,,,Measurement,0,,numeric,,,,,PERFUSION AUTOTRANSFUSION PRP PROCESSING,Processing,1
1570636715,Orientation Comment,C0026.00,A,orientation,,Observation,0,,string,,,,,REHAB OP NEURO COGNITION|REHAB OP NEURO EVAL|REHAB OP PT OBJECTIVE CONCUSSION EVAL,Neuro Cognition,3
1510000315,Scapular Depression Reps/Sets/Weight,C0023.00,A,depression,,Observation,0,,string,,,,,IP REHAB EXERCISES,Shoulder Exercises,1
1510000152,Stool Stretching For Hip Flexion/Adduction Reps/Sets/Hold Time,C0021.00,A,stool,,Observation,0,,string,,,,,IP REHAB EXERCISES,Hip Exercises,1
3042400057,FiO2,C0447.00,A,,,Measurement,0,,numeric,,0,1,,EHC IP RT AND HSPC NURSE HANDOFF,Handoff Type,1
11847,Train of Four Count,C0032.00,A,train_of_four,,Observation,0,,numeric,,,,,AN VITALS MONITORING FOR BOTTOM GRID,TwitchView,1
1570631446,Left Knee Extension Active Range of Motion,C0447.00,A,,,Measurement,0,,numeric,,-360,360,,REHAB OP KNEE EVAL|REHAB OP PT OBJECTIVE KNEE RANGE OF MOTION,Left Knee Extension Range of Motion,2
1570637755,Sitting Average Maximum Contraction (mV),C0066.00,A,contraction,,Observation,0,,string,,,,,REHAB OP PELVIC FLOOR OBJECTIVE EMG TESTING|REHAB OP PELVIC FLOOR OBJECTIVE EVAL,Sitting EMG Testing,2
742021033,Stability of Heart Rate,C0078.00,A,heart_rate,,Observation,0,,custom_list,,,,"Stable, remains close to pre-feeding level|Occasional dips 20% below pre-feeding|Frequent dips 20% below pre-feeding",EHC SLP EARLY FEEDING SKILLS ASSESSMENT,Ability to Maintain Physiologic Stability,1
3040109337,Respiratory Effort,C0057.00,A,respiratory_general,,Observation,0,,custom_list,,,,Labored|Unlabored,IP INFANT/NICU ASSESSMENT|IP OB NEWBORN ASSESSMENT|IP PEDS/PICU ASSESSMENT|NICU CODE PRIMARY ASSESSMENT NAV|OR PACU PEDIATRIC FLOWSHEET|ROVER RT BASIC ASSESSMENT + SONNET,Assessment|Respiratory,6
1180101432,Right Ventricle Extended V WAVE Pressure,C0447.00,A,,,Measurement,0,,numeric,mmHg,,,,CV XPER HEMO,Right Ventricle Extended Pressure Measurements,1
1180101795,Atrium Extended Systolic Pressure,C0447.00,A,,,Measurement,0,,numeric,mmHg,,,,CV XPER HEMO,Atrium Extended Pressure Measurements,1
1500006834,Stand on Left Leg Trial 1 (sec),C0447.00,A,,,Measurement,0,,numeric,sec,,,,BESTEST - BALANCE EVALUATION SYSTEMS TEST|MINI BESTEST - MINI BALANCE EVALUATION SYSTEMS TEST|T EHC OP PT FUNCTIONAL MOBILITY ASSESSMENTS NAV|T EHC OP PT NEURO ORTHO TEMPLATE,Anticipatory,4
3040109614,B. Weight Loss During the Last 3 Months,C0131.00,A,weight,,Observation,0,,custom_list,,,,Weight loss greater than 3 kg (6.6 lbs)|Does not know|Weight loss between 1 and 3 kg (2.2 and 6.6 lbs)|No weight loss,AMB GER ASSESSMENT|CV TAVR EVALUATION|OR PAT TRIAGE QUESTIONNAIRE,Mini Nutritional Assessment/Screening (Adults 65 and Older),3
7420,BMI >40,C0051.00,A,bmi,,Observation,0,,custom_list,,,,Yes|No,OBGYN THROMBOPROPHYLAXIS RISK ASSESSMENT,Thromboprophylaxis Risk Assessment,1
304000513,"Time Frame (Toileting Goal 2, OT-IRF)",C0064.00,A,toileting,,Observation,0,,custom_list,,,,short-term goal (STG)|short-term goal (STG)|long-term goal (LTG)|long-term goal (LTG)|1 day|1 day|2 days|2 days|2-3 days|2-3 days|3 days|3 days|4 days|4 days|3 - 5 days|3 - 5 days|5 days|5 days|5 - 7 days|5 - 7 days|1 week|1 week|2 weeks|2 weeks|14 days or less|14 days or less|3 weeks|3 weeks|21 days or less|21 days or less|30 days or less|30 days or less|4 weeks|4 weeks|5 weeks|5 weeks|6 weeks|6 weeks|by discharge|by discharge|other (see comments)|other (see comments),CPM S24 IRF GOAL SUMMARY|ZZZ CPM S21 IRF GOAL SUMMARY,Toileting Goal 2 (OT-IRF),2
25889,Skin problems,C0447.00,A,,,Measurement,0,,numeric,,,,,T ONC EORTC QLQ-H&N43,Symptom Scores (A score of >/= 67 equals Quite a Bit to Very Much. Increase of 10 or more is clinically meaningful),1
11388,Breathiness Score,C0447.00,A,,,Measurement,0,,numeric,,,100,,T RHB CAPE-V,CAPE-V,1
7420304656,"17. Compared to before the dizziness, I need to hold on to something for support",C0024.00,A,dizziness,,Observation,0,,custom_list,,,,A lot more|Quite a bit more|A little bit more|Same as before|A little bit less|Quite a bit less|A lot less,T EHC PT OP VESTIBULAR EVAL|T EHC RHB VRBQ,Vestibular Rehab Benefit Questionnaire,2
304000750,"Progress/Outcomes (Oral Nutrition/Hydration Goal 2, SLP-IRF)",C0053.00,A,braden,,Observation,0,,custom_list,,,,good progress toward goal|good progress toward goal|continuing progress toward goal|continuing progress toward goal|progress slower than expected|progress slower than expected|unable to make needed progress|unable to make needed progress|medical status inhibiting progress|medical status inhibiting progress|goal met|goal met|goal partially met|goal partially met|goal not met|goal not met|goal no longer appropriate|goal no longer appropriate|goal revised this date|goal revised this date|goal ongoing|goal ongoing|transferred to acute care setting|transferred to acute care setting|discharged from facility|discharged from facility|medical status inhibited participation|medical status inhibited participation|other (see comments)|other (see comments),CPM S24 IRF GOAL SUMMARY|ZZZ CPM S21 IRF GOAL SUMMARY,Oral Nutrition/Hydration Goal 2 (SLP-IRF),2
3040100220,Capillary Refill,C0046.00,A,capillary_refill,,Observation,0,,custom_list,,,,Greater than 2 seconds (All extremities)|Less than/equal to 2 seconds (All extremities)|Brisk|Sluggish|Other (Comment),ASC BASIC ASSESSMENT NAV|ED PEDS ASSESS CARDIAC NAV|ED PRIMARY ASSESSMENT|ED PRIMARY ASSESSMENT PEDS|ED TRAUMA ASSESSMENT SIDEBAR|ED TRAUMA SECONDARY ASSESSMENT|ED TRIAGE EXTREMITY INJURY NAV|EHC IP BASIC ASSESSMENT|EHC IP POST PROCEDURE|IP BASIC ASSESSMENT|IP BH HEAD TO TOE ASSESSMENT|IP CVICU COMPLEX ASSESSMENT|IP DIALYSIS ASSESSMENT|IP DISASTER ASSESSMENT|IP ICU COMPLEX ASSESSMENT|IP INFANT/NICU ASSESSMENT|IP NEURO ICU COMPLEX ASSESSMENT|IP OB NEWBORN ASSESSMENT|IP PALLIATIVE CARE ASSESSMENT|IP PEDS/PICU ASSESSMENT|IP VASCULAR DISASTER NAV|LTC BASIC ASSESSMENT|NICU CODE PRIMARY ASSESSMENT NAV|OB NAR ASSESSMENT MATERNAL|OB PHYSICAL ASSESSMENT NAV|ONCBCN INFUSION ASSSMENT|OR PACU FLOWSHEET|OR PACU PEDIATRIC FLOWSHEET|OR PEDS ENDO ASSESSMENT|T EHC ACUTE STROKE FLOWSHEET|WOUND CARE PERIPHERAL VASCULAR AND EDEMA NAV|WOUND CARE SCREENINGS,Cardiac|Cardiovascular|Circulation|Extremity Injury HPI|Peripheral Vascular|Peripheral Vascular Short|Secondary Circulation,32
21093,Ambulation in Hallway Details,C0036.00,A,ambulation,,Observation,0,,string,,,,,T EHC PT PELVIC FLOOR TREATMENT|T EHC PT PELVIC FLOOR TREATMENT TREATMENT NAV,Gait Training,2
304911052,3) Mild Cognitive Decline (Early Confusion),C0040.00,A,cognition,,Observation,0,,custom_list,,,,Memory loss is evident on testing|Decreased ability to remember names of new people|Family members are aware of memory problems|Associated concern or denial by resident,T EHC SW GLOBAL DETERIORATION SCALE FOR DEMENTIA,Clinical Characteristics,1
16555,Reflexes,C0100.00,A,reflex,,Observation,0,,custom_list,,,,Yes,EHC IP PT PELVIC FLOOR EVAL|T EHC OP PT NEURO ORTHO TEMPLATE|T EHC OP PT SENSATION REFLEXES NAV|T EHC PT PELVIC FLOOR COMBINED EVAL|T EHC PT PELVIC FLOOR EVAL FULL BODY NAV,Reflexes,5
1180147450,PDA pO2,C0447.00,A,,,Measurement,0,,numeric,mmHg,,,,CV HEMODYNAMIC,O2 Sat Measurements,1
16862,#2 Timothy Grass (W/F in millimeters),C0447.00,A,,,Measurement,0,,numeric,,,,,AMB ALG ALLERGY TESTING|AMB ALG INTRADERMAL TESTING,Panel B Intra,2
160231501,Patient Position,C0235.00,A,body_position,,Observation,0,,custom_list,,,,Driver|Passenger-front|Passenger-rear,ED TRAUMA MECHANISM OF INJURY,Blunt: Motor Vehicle,1
7422301008,Self-Care/Home Management 5,C0013.00,A,self_care,,Observation,0,,string,,,,,EHC IP OT THERAPEUTIC ACTIVITY ORTHO NAV|EHC OT RETIRED FLOWSHEET CONTENT|EHC RHB IP OT TREATMENT|EHC T THERAPEUTIC ACTIVITY|RHB OP PT TREATMENT,Self-Care/Home Management,5
1180147721,SHNT O2 Sat,C0447.00,A,,,Measurement,0,,numeric,%,,,,CV HEMODYNAMIC,O2 Sat Measurements,1
12842,MMRC Dyspnea Scale,C0048.00,A,dyspnea,,Observation,0,,custom_list,,,,"MMRC 0: Dyspneic on strenuous exercise|MMRC 1: Dyspneic on walking a slight hill|MMRC 2: Dyspneic on walking level ground, must stop occasionally due to breathlessness|MMRC 3: Must stop for breathlessness after walking 100 yards or after a few minutes|MMRC 4: Cannot leave house, breathless on dressing/undressing",T EHC AMB PUL RHB BODE INDEX,BODE Index,1
3041900836,Pain-Muscle Tension,C0005.00,A,muscle_tone,,Observation,0,,custom_list,,,,"Relaxed|Tense, rigid|Very tense or rigid",EHC IP PT PELVIC FLOOR EVAL|EHC IP SLP EVAL PAIN NAV|EHC NICU THERAPY|EHC PT OP MANUAL THERAPY EVAL|EHC PT OP MANUAL THERAPY EVAL SYMPTOMS NAV|EHC PT PAIN NAV|EHC PT PELVIC FLOOR POST TREATMENT NAV|EHC RHB IP OT EVALUATION|EHC RHB IP OT TREATMENT|EHC RHB IRF OT EVALUATION|EHC RHB IRF OT TREATMENT|EHC RHB IRF PT EVALUATION|EHC RHB IRF PT TREATMENT|EHC RHB IRF SLP EVALUATION|EHC RHB IRF SLP TREATMENT|EHC RHB OP OT EVALUATION|EHC RHB OP OT TREATMENT|EHC RHB PAIN ASSESSMENT BEGINNING & END OF SESSION|EHC RHB TR EVALUATION|EHC RHB TR TREATMENT|EHC SLP FEES|EHC T RHB OT DRIVING ASSESSMENT|LTC OT TREATMENT|LTC PT EVALUATION|LTC PT TREATMENT|LTC SLP EVALUATION|OCCUPATIONAL THERAPY ASSESSMENT|OT TREATMENT|PT ASSESSMENT|PT TREATMENT|PT TREATMENT NAV|RHB IP PT EVALUATION|RHB IP PT TREATMENT|RHB IP SLP EVAL|RHB IP SLP TREATMENT|RHB OP PT EVALUATION|RHB OP PT TREATMENT|RHB OP SLP EVAL|RHB OP SLP TREATMENT|SLP ASSESS NAV|T EHC MBS MODIFIED BARIUM SWALLOW MASTER|T EHC MBS MODIFIED BARIUM SWALLOW MASTER IRF|T EHC OP PT AQUATIC THERAPY|T EHC OP PT NEURO ORTHO TEMPLATE|T EHC OP PT PAIN SYMPTOMS NAV|T EHC PT LYMPHEDEMA EVAL|T EHC PT LYMPHEDEMA TREAT/DAILY NOTE|T EHC PT OP VESTIBULAR EVAL|T EHC PT PELVIC FLOOR COMBINED EVAL|T EHC PT PELVIC FLOOR TREATMENT|T EHC PT SEATING PAIN NAV|T EHC PT WOUND CARE|T EHC RHB PAIN NO PEDS OR NICU NAV|T EHC RHB PROGRESS NOTE NAV|T EHC RHB SLP AAC GENERAL NAV|T EHC RHB SLP MBSIMP|T EHC RHB SLP MBSIMP IRF|T EHC RHB WC SEATING MOBILITY EVAL|T EHC SLP FEES GENERAL NAV|T EHC SLP FEES IRF,Rehab Pain Assessment Critical-Care Pain Observation Tool (CPOT) Beginning of Session,60
1570490027,Best Motor Response,C0014.00,A,motor,,Observation,0,,custom_list,,,,Follows commands|Obeys commands|Localizes pain|Localizes pain|Withdrawal from pain|Withdraws to pain|Flexion to pain|Flexion to pain|Extension to pain|Extension to pain|None|None,APACHE IV|ASC BASIC ASSESSMENT NAV|ED ASSESS NEUROLOGICAL NAV|ED PEDS ASSESS NEURO NAV|ED PRIMARY ASSESSMENT|ED PRIMARY ASSESSMENT PEDS|ED TRAUMA ASSESSMENT SIDEBAR|ED TRAUMA SECONDARY ASSESSMENT|EHC ED TRIAGE ARRIVAL DOCUMENTATION NAV|EHC IP BASIC ASSESSMENT|EHC IP POST PROCEDURE|GI GENERAL ASSESSMENT|IP BASIC ASSESSMENT|IP BH HEAD TO TOE ASSESSMENT|IP CVICU COMPLEX ASSESSMENT|IP DISASTER ASSESSMENT|IP HOME MONITORING ASSESSMENT NAV|IP ICU COMPLEX ASSESSMENT|IP NEURO DISASTER NAV|IP NEURO ICU COMPLEX ASSESSMENT|IP OB ANTEPARTUM ASSESSMENT|IP OB MAGNESIUM SULFATE|IP OB POSTPARTUM|IP PALLIATIVE CARE ASSESSMENT|IP PEDS/PICU ASSESSMENT|LTC BASIC ASSESSMENT|OB NAR ASSESSMENT MATERNAL|OB PHYSICAL ASSESSMENT NAV|ONCBCN INFUSION ASSSMENT|OR PACU PEDIATRIC FLOWSHEET|OR PEDS ENDO ASSESSMENT|REHAB ADULT ASSESSMENT|ROVER NEURO CHECKS|T ED CLINICAL CALCULATOR - GLASGOW COMA SCALE/SCORE|T EHC ACUTE STROKE FLOWSHEET|T EHC IP POST FALL ASSESSMENT,Disability|Glasgow Coma Scale,36
1180104079,Left Femoral Vein HCO3,C0447.00,A,,,Measurement,0,,numeric,%,,,,CV XPER HEMO,Extended HCO3 Measurements,1
1180146841,Pa HR,C0078.00,A,heart_rate,,Observation,0,,numeric,mmHg,,,,CV HEMODYNAMIC,Cath Pressure,1
1570636849,Right Ring DIP Measurement (cm),C0447.00,A,,,Measurement,0,,numeric,cm,0,25,,REHAB OP HAND/WRIST SWELLING EVAL|REHAB OP WRIST/HAND EVAL,Wrist/Hand Swelling,2
1570631955,Fatigue,C0025.00,A,fatigue,,Observation,0,,numeric,,,,,REHAB OP CONCUSSION SYMPTOMS|REHAB OP LYMPHEDEMA EVAL|REHAB OP OT SUBJECTIVE EVAL|REHAB OP OT SUBJECTIVE VISION EVAL|REHAB OP PELVIC FLOOR SUBJECTIVE EVAL|REHAB OP PT CONCUSSION SUBJECTIVE EVAL|REHAB OP PT SUBJECTIVE EVAL|REHAB OP SUBJECTIVE REVIEW OF SYSTEMS|REHAB OP SUBJECTIVE VESTIBULAR EVAL|REHAB OP SUBJECTIVE VESTIBULAR SYMPTOMS,Concussion Symptoms|Review of Systems|Vestibular Symptoms,10
742709039,Sensation,C0045.00,A,sensation,,Observation,0,,string,,,,,EHC IP PT PELVIC FLOOR EVAL|EHC OP PT PELVIC FLOOR EVAL|T EHC OP PT NEURO ORTHO TEMPLATE|T EHC OP PT SENSATION REFLEXES NAV|T EHC PT PELVIC FLOOR COMBINED EVAL,Pelvic Floor Internal Exam|Pelvic Sensation|Sensation,5
1570636328,Right Great Toe IP Flexion Active Range of Motion,C0447.00,A,,,Measurement,0,,numeric,,-360,360,,REHAB OP ANKLE/FOOT EVAL|REHAB OP ANKLE/FOOT RANGE OF MOTION,Right Great Toe IP Flexion Range of Motion,2
154300381,Bra,C0447.00,A,,,Measurement,0,,numeric,,0,,,EHC BH PAT BELONG ALL|EHC BH PATIENT BELONGINGS HOME NAV,Belongings Sent Home,2
304001918,"Time Frame (Grooming Goal 2, OT)",C0038.00,A,grooming,,Observation,0,,custom_list,,,,short-term goal (STG)|short-term goal (STG)|long-term goal (LTG)|long-term goal (LTG)|1 day|1 day|2 days|2 days|2-3 days|2-3 days|3 days|3 days|4 days|4 days|3-5 days|3-5 days|5-7 days|5-7 days|1 week|1 week|2 weeks|2 weeks|3 weeks|3 weeks|30 days|30 days|by discharge|by discharge|other (see comments)|other (see comments),CPM S24 REH REHAB GOAL SUMMARY|ZZZ CPM S21 REH REHAB GOAL SUMMARY,Grooming Goal 2 (OT),2
18444,"My tremor interferes with drinking liquids (for example, bringing to mouth, spilling, pouring)",C0011.00,A,tremor,,Observation,0,,custom_list,,,,Never/No|Rarely|Sometimes|Frequently|Always/Yes|Not Applicable,T EHC AMB NEURO QUALITY OF LIFE IN ESSENTIAL TREMOR (QUEST),Physical,1
1500006368,L 2nd Toe Middle Phalange (cm),C0447.00,A,,,Measurement,0,,numeric,cm,,,,PT LYMPHEDEMA ASSESSMENT,Left Lower Extremity Lymphedema,1
3049111216,Imitating gross movements (10),C0447.00,A,,,Measurement,0,,numeric,,,,,T EHC IP SPEECH MINNESOTA TEST FOR THE DIFFERENTIAL DIAGNOSIS OF APHASIA (MTDDA),Speech and Language Disturbances,1
3040112881,Length Z-Score Difference from 7 Days,C0447.00,A,,,Measurement,0,,numeric,,,,,IP NICU NUTRITION EVALUATION AND PLANNING,Length Z-Scores,1
3041900845,Pain-Vocalization (Extubated Patients),C0227.00,A,vocalization,,Observation,0,,custom_list,,,,"Talking in normal tone or no sound|Sighing, moaning|Crying out, sobbing",EHC IP PT PELVIC FLOOR EVAL|EHC IP SLP EVAL PAIN NAV|EHC NICU THERAPY|EHC PT OP MANUAL THERAPY EVAL|EHC PT OP MANUAL THERAPY EVAL SYMPTOMS NAV|EHC PT PAIN NAV|EHC PT PELVIC FLOOR POST TREATMENT NAV|EHC RHB IP OT EVALUATION|EHC RHB IP OT TREATMENT|EHC RHB IRF OT EVALUATION|EHC RHB IRF OT TREATMENT|EHC RHB IRF PT EVALUATION|EHC RHB IRF PT TREATMENT|EHC RHB IRF SLP EVALUATION|EHC RHB IRF SLP TREATMENT|EHC RHB OP OT EVALUATION|EHC RHB OP OT TREATMENT|EHC RHB PAIN ASSESSMENT BEGINNING & END OF SESSION|EHC RHB TR EVALUATION|EHC RHB TR TREATMENT|EHC SLP FEES|EHC T RHB OT DRIVING ASSESSMENT|LTC OT TREATMENT|LTC PT EVALUATION|LTC PT TREATMENT|LTC SLP EVALUATION|OCCUPATIONAL THERAPY ASSESSMENT|OT TREATMENT|PT ASSESSMENT|PT TREATMENT|PT TREATMENT NAV|RHB IP PT EVALUATION|RHB IP PT TREATMENT|RHB IP SLP EVAL|RHB IP SLP TREATMENT|RHB OP PT EVALUATION|RHB OP PT TREATMENT|RHB OP SLP EVAL|RHB OP SLP TREATMENT|SLP ASSESS NAV|T EHC MBS MODIFIED BARIUM SWALLOW MASTER|T EHC MBS MODIFIED BARIUM SWALLOW MASTER IRF|T EHC OP PT AQUATIC THERAPY|T EHC OP PT NEURO ORTHO TEMPLATE|T EHC OP PT PAIN SYMPTOMS NAV|T EHC PT LYMPHEDEMA EVAL|T EHC PT LYMPHEDEMA TREAT/DAILY NOTE|T EHC PT OP VESTIBULAR EVAL|T EHC PT PELVIC FLOOR COMBINED EVAL|T EHC PT PELVIC FLOOR TREATMENT|T EHC PT SEATING PAIN NAV|T EHC PT WOUND CARE|T EHC RHB PAIN NO PEDS OR NICU NAV|T EHC RHB PROGRESS NOTE NAV|T EHC RHB SLP AAC GENERAL NAV|T EHC RHB SLP MBSIMP|T EHC RHB SLP MBSIMP IRF|T EHC RHB WC SEATING MOBILITY EVAL|T EHC SLP FEES GENERAL NAV|T EHC SLP FEES IRF,Rehab Pain Critical-Care Pain Observation Tool End of Session,60
1180147412,LVRTA O2 Sat,C0447.00,A,,,Measurement,0,,numeric,%,,,,CV HEMODYNAMIC,O2 Sat Measurements,1
3040101156,Pain Rating: FLACC (Activity) - Consolability,C0247.00,A,pain_score,,Observation,0,,custom_list,,,,"Content, relaxed|Reassured by occasional touch, hug or being talked to|Difficult to console or comfort",AMB BASIC VITALS|AN POST-OP VITALS|AN VITALS/NPO STATUS|BAR SUR COMPLEX VITALS|ED DEPARTURE CONDITION NAV|ED TRAUMA PAIN ASSESSMENT|ED VITALS|EHC IP ICU COMPLEX VITALS AND DRIPS|EHC OR/GI PERIOP VITALS|IP BASIC VITALS|IP BASIC VITALS NAV|IP ICU COMPLEX VITALS|IP PAIN NAV|IP PCT VITALS INTAKE/OUTPUT|IP PEDS BASIC VITAL SIGNS|IP PEDS BASIC VITAL SIGNS & INTAKE/OUTPUT|IP PICU COMPLEX VITAL SIGNS|IP RT VITALS NAV|NICU CODE PAIN ASSESSMENT NAV|OR PACU FLOWSHEET|OR PACU PEDIATRIC FLOWSHEET|OR PERI-OP VITALS|PLASMAPHERESIS|ROVER IP PCT VITALS INTAKE/OUTPUT + SONNET|ROVER PAIN|T EHC IP POST FALL ASSESSMENT,"FLACC (Face, Legs, Activity, Crying, Consolability)|Pain Assessment",26
1542100312,"Mouth, Teeth, Swallowing Problem",C0067.00,A,swallowing,,Observation,0,,custom_list,,,,Yes|No,T EHC TRANSITIONS NURSING INTAKE ASSESSMENT|T EHC TRANSITIONS OUTPATIENT NURSING INTAKE|T EHC TRANSITIONS PSYCHOSOCIAL,Nutrition Screening,3
742020960,Daily Average in dB SPL,C0447.00,A,,,Measurement,0,,numeric,dB,,,,EHC IP SLP TREAT LSVT LOUD,Daily Task 1: Maximum Duration of Phonation,1
1180102152,CO Derived Parameters TPR/TSR,C0447.00,A,,,Measurement,0,,numeric,,,,,CV SENSIS HEMO,Cardiac Output,1
1180146834,MV A Wave,C0447.00,A,,,Measurement,0,,numeric,mmHg,,,,CV HEMODYNAMIC,Atrial Wedge Pressures,1
501670,Assess Mood (WDL),C0335.00,A,wdl_screening,,Observation,0,,custom_list,,,,Within Defined Limits|Exceptions to WDL,IP BH PEDS/ADOLESCENT ADMISSION|IP BH PEDS/ADOLESCENT DAILY ASSESSMENT,Mental Status,2
1180000068,LV Diastolic Cath Pressure,C0447.00,A,,,Measurement,0,,numeric,mmHg,,,,CV HEMODYNAMIC,Cath Pressure|LV Pressures,1
304000917,"Independence/Cues/Accuracy (Memory Goal 1, SLP)",C0027.00,A,memory,,Observation,0,,custom_list,,,,independently|independently|with minimum|independent use of environmental cues/strategies|minimal cues for use of strategies|with moderate|with maximum|moderate cues for use of strategies|physical/tactile cues|constant cues for use of strategies|with 90% accuracy|verbal cues/redirection|written cues|with 80% accuracy|with 75% accuracy|with additional processing time|with 60% accuracy|with environmental modification/cues|with repetition of directions|with 50% accuracy|with 25% accuracy|with external compensatory strategy|with internal compensatory strategy|other (see comments)|with cues for initiation|with 90% accuracy|with 80% accuracy|with 75% accuracy|with 60% accuracy|with 50% accuracy|with 25% accuracy|other (see comments),CPM S24 REH REHAB GOAL SUMMARY|ZZZ CPM S21 REH REHAB GOAL SUMMARY,Memory Goal 1 (SLP),2
742231016,O2 Delivery Method,C0029.00,A,o2_delivery,,Observation,0,,custom_list,,,,"Aerosol mask|Bag mask|Blow-by|Cool mist aerosol|ECMO running|Face shield|Heated high-flow oxygen|High flow nasal cannula|Nasal cannula|Non-rebreather|O2 not needed|O2 standby, equipment at bedside|Oxyhood|Oxymizer|Partial-rebreather|Room air|Simple mask|T-Piece|Trach collar|Trach collar with heater|Trach interface|Venturi mask|Ventilator|Other (Comment)",EHC ACUTE SLP EVAL RESPIRATORY AND VITALS NAV|EHC PT CARDIOPULMONARY NAV|EHC RHB IP OT EVALUATION|EHC RHB IP OT TREATMENT|EHC RHB IRF OT EVALUATION|EHC RHB IRF OT TREATMENT|EHC RHB IRF PT EVALUATION|EHC RHB IRF PT TREATMENT|EHC RHB IRF SLP EVALUATION|EHC RHB IRF SLP TREATMENT|EHC RHB TR EVALUATION|EHC RHB TR TREATMENT|RHB IP PT EVALUATION|RHB IP PT TREATMENT|RHB IP SLP EVAL|RHB IP SLP TREATMENT|RHB OP SLP EVAL,Cardiopulmonary Vitals Entry 2,17
1180147512,RCNDT O2 Sat,C0447.00,A,,,Measurement,0,,numeric,%,,,,CV HEMODYNAMIC,O2 Sat Measurements,1
31532,LVEDP V Wave,C0447.00,A,,,Measurement,0,,numeric,mmHg,,,,CV HEMODYNAMIC,LVEDP Pressures,1
1180147717,SCLV O2 Sat,C0447.00,A,,,Measurement,0,,numeric,%,,,,CV HEMODYNAMIC,O2 Sat Measurements,1
1180101271,RUPV O2 SATURATION,C0447.00,A,,,Measurement,0,,numeric,%,,,,CV XPER HEMO,Extended O2 Saturation Measurements,1
